{
    "0": {
        "anio": 2016.5849573050182,
        "forma_institucional": 3.766893211467854,
        "unidad_legal_tipo": 0.935170329241105,
        "clase_contribuyente": 2.0192442898090897,
        "obligado_llevar_contabilidad": 2.0,
        "gsectores": 2.368832362856267,
        "seccion": 18.671909646481947,
        "division": 37.06250713586078,
        "provincia": 13.424732442777907,
        "canton": 118.4167763335797,
        "ventas_totales": 403513.5443655243,
        "ventas_nacionales": 399022.2236153426,
        "exportaciones_netas": 3023.3507029021875,
        "plazas": 8.644631106862596,
        "tamano_cop": 2.1776063168141913,
        "remuneraciones": 55948.47215035095,
        "estructura_estrat": 5.622460384705522,
        "propietarios_sexo": 0.0,
        "a\u00f1o_fecha_inicio_actividad": 1999.6255487973228,
        "mes_fecha_inicio_actividad": 5.088112672157465,
        "a\u00f1o_fecha_inscripcion": 2000.2718627751437,
        "mes_fecha_inscripcion": 5.478285951217753,
        "a\u00f1o_fecha_actualizacion": 2014.7419359788728,
        "mes_fecha_actualizacion": 5.2283547328817495
    },
    "1": {
        "anio": 2016.6760995024877,
        "forma_institucional": 5.65036815920398,
        "unidad_legal_tipo": 0.09665671641791045,
        "clase_contribuyente": 0.013432835820895522,
        "obligado_llevar_contabilidad": 1.9998805970149254,
        "gsectores": 2.589094527363184,
        "seccion": 19.643164179104478,
        "division": 37.69812935323383,
        "provincia": 14.158248756218905,
        "canton": 114.5908656716418,
        "ventas_totales": 20182872.22208955,
        "ventas_nacionales": 17751638.704218905,
        "exportaciones_netas": 2669423.4801005456,
        "plazas": 168.88656557925347,
        "tamano_cop": 0.4051144278606965,
        "remuneraciones": 1722480.9153957046,
        "estructura_estrat": 5.923542288557214,
        "propietarios_sexo": 0.022507462686567163,
        "a\u00f1o_fecha_inicio_actividad": 1994.627536628428,
        "mes_fecha_inicio_actividad": 5.501218782630678,
        "a\u00f1o_fecha_inscripcion": 1997.205671641791,
        "mes_fecha_inscripcion": 6.2625074626865675,
        "a\u00f1o_fecha_actualizacion": 2014.8493057432136,
        "mes_fecha_actualizacion": 5.969725503183128
    },
    "2": {
        "anio": 2017.561320754717,
        "forma_institucional": 5.009433962264151,
        "unidad_legal_tipo": 0.0,
        "clase_contribuyente": 0.0,
        "obligado_llevar_contabilidad": 2.0,
        "gsectores": 3.207547169811321,
        "seccion": 21.30188679245283,
        "division": 41.051886792452834,
        "provincia": 13.49056603773585,
        "canton": 105.98113207547169,
        "ventas_totales": 1009084749.009434,
        "ventas_nacionales": 914627758.9292452,
        "exportaciones_netas": 113217460.28339915,
        "plazas": 5490.758282146455,
        "tamano_cop": 0.0,
        "remuneraciones": 68011710.54466602,
        "estructura_estrat": 5.952830188679245,
        "propietarios_sexo": 0.0,
        "a\u00f1o_fecha_inicio_actividad": 1974.444705068381,
        "mes_fecha_inicio_actividad": 4.81323222043418,
        "a\u00f1o_fecha_inscripcion": 1991.5,
        "mes_fecha_inscripcion": 7.084905660377358,
        "a\u00f1o_fecha_actualizacion": 2016.6576308886092,
        "mes_fecha_actualizacion": 7.513172193278497
    },
    "3": {
        "anio": 2015.1220002296475,
        "forma_institucional": 6.13205637241571,
        "unidad_legal_tipo": 0.00021756078104320393,
        "clase_contribuyente": 2.0003867747218544,
        "obligado_llevar_contabilidad": 2.0,
        "gsectores": 3.588725516857939,
        "seccion": 16.773827438040502,
        "division": 32.80396564957002,
        "provincia": 13.986632098675901,
        "canton": 122.80952553619667,
        "ventas_totales": 475453.7213983115,
        "ventas_nacionales": 448694.978449396,
        "exportaciones_netas": 26802.16506999798,
        "plazas": 13.975463481800244,
        "tamano_cop": 2.0664255368010105,
        "remuneraciones": 98449.23388291107,
        "estructura_estrat": 5.603803687655239,
        "propietarios_sexo": 0.0,
        "a\u00f1o_fecha_inicio_actividad": 2000.1955768190562,
        "mes_fecha_inicio_actividad": 5.545873473468216,
        "a\u00f1o_fecha_inscripcion": 2002.3917453813658,
        "mes_fecha_inscripcion": 5.829577388182823,
        "a\u00f1o_fecha_actualizacion": 2012.9163964191896,
        "mes_fecha_actualizacion": 5.63816206565839
    },
    "4": {
        "anio": 2017.0,
        "forma_institucional": 1.0,
        "unidad_legal_tipo": 0.0,
        "clase_contribuyente": 0.0,
        "obligado_llevar_contabilidad": 2.0,
        "gsectores": 3.0,
        "seccion": 26.90909090909091,
        "division": 43.0,
        "provincia": 20.0,
        "canton": 150.8181818181818,
        "ventas_totales": 7596843321.363636,
        "ventas_nacionales": 29898690.363636363,
        "exportaciones_netas": 7566944631.0,
        "plazas": 6189.840380450137,
        "tamano_cop": 0.0,
        "remuneraciones": 112751001.15162708,
        "estructura_estrat": 6.0,
        "propietarios_sexo": 0.0,
        "a\u00f1o_fecha_inicio_actividad": 2010.0,
        "mes_fecha_inicio_actividad": 4.0,
        "a\u00f1o_fecha_inscripcion": 2010.0,
        "mes_fecha_inscripcion": 4.0,
        "a\u00f1o_fecha_actualizacion": 2015.8181818181818,
        "mes_fecha_actualizacion": 8.090909090909092
    },
    "5": {
        "anio": 2019.4728820547646,
        "forma_institucional": 5.976963934903349,
        "unidad_legal_tipo": 0.01671557808445102,
        "clase_contribuyente": 2.126203584681429,
        "obligado_llevar_contabilidad": 2.0,
        "gsectores": 3.53376828114768,
        "seccion": 19.782724163857292,
        "division": 39.36364143484271,
        "provincia": 13.554250442628119,
        "canton": 104.59979869515655,
        "ventas_totales": 428454.8899129296,
        "ventas_nacionales": 398900.6268608571,
        "exportaciones_netas": 31339.567191521757,
        "plazas": 12.13800983307702,
        "tamano_cop": 2.0382867260071307,
        "remuneraciones": 94451.79924592668,
        "estructura_estrat": 5.312109820280857,
        "propietarios_sexo": 0.0,
        "a\u00f1o_fecha_inicio_actividad": 2013.3295199053741,
        "mes_fecha_inicio_actividad": 5.5137172708817515,
        "a\u00f1o_fecha_inscripcion": 2013.5016007373092,
        "mes_fecha_inscripcion": 5.5094589022822635,
        "a\u00f1o_fecha_actualizacion": 2018.6075151239527,
        "mes_fecha_actualizacion": 6.619044616173863
    },
    "6": {
        "anio": 2016.543909965511,
        "forma_institucional": 2.164004356507533,
        "unidad_legal_tipo": 0.7065892176438555,
        "clase_contribuyente": 2.0121437647485934,
        "obligado_llevar_contabilidad": 0.0,
        "gsectores": 3.2593937193683065,
        "seccion": 19.013523325467418,
        "division": 40.16300599019786,
        "provincia": 13.324414594300237,
        "canton": 117.1841168996188,
        "ventas_totales": 146256.69538936287,
        "ventas_nacionales": 144090.79522599382,
        "exportaciones_netas": -13187.92152730387,
        "plazas": 11.760120346658482,
        "tamano_cop": 2.0794881103648577,
        "remuneraciones": 86962.9214177809,
        "estructura_estrat": 4.986458522417862,
        "propietarios_sexo": 0.24035215102559448,
        "a\u00f1o_fecha_inicio_actividad": 2005.4423851878744,
        "mes_fecha_inicio_actividad": 5.388310038119441,
        "a\u00f1o_fecha_inscripcion": 2006.2096932292611,
        "mes_fecha_inscripcion": 5.616808858231984,
        "a\u00f1o_fecha_actualizacion": 2015.4633055751679,
        "mes_fecha_actualizacion": 5.94795659547048
    },
    "7": {
        "anio": 2016.653885222679,
        "forma_institucional": 3.999979269598867,
        "unidad_legal_tipo": 1.0,
        "clase_contribuyente": 2.0253532805859793,